Artifact,OriginalVersion,Architecture,ReleaseUse,FileSize,SizeBasedVersion,SameAsOriginal,NoAssayDev,ReleaseBasedAndSame
java-common,0.68ubuntu1~18.04.1,all,6.7.15_AssayDev,14520,0.68ubuntu1~18.04.1,TRUE,6.7.15,TRUE
java-common,0.68ubuntu1~18.04.1,all,6.7.15.1_AssayDev,14520,0.68ubuntu1~18.04.1,TRUE,6.7.15.1,TRUE
java-common,0.68ubuntu1~18.04.1,all,6.7.15.2_AssayDev,14520,0.68ubuntu1~18.04.1,TRUE,6.7.15.2,TRUE
java-common,0.68ubuntu1~18.04.1,all,6.7.16_AssayDev,14520,0.68ubuntu1~18.04.1,TRUE,6.7.16,TRUE
java-common,0.68ubuntu1~18.04.1,all,6.7.17_AssayDev,14520,0.68ubuntu1~18.04.1,TRUE,6.7.17,TRUE
java-common,0.68ubuntu1~18.04.1,all,6.7.17.1_AssayDev,14520,0.68ubuntu1~18.04.1,TRUE,6.7.17.1,TRUE
rclone,v1.54.1,linux-amd64,6.7.15_AssayDev,14314950,v1.54.1,TRUE,6.7.15,TRUE
rclone,v1.54.1,linux-amd64,6.7.15.1_AssayDev,14314950,v1.54.1,TRUE,6.7.15.1,TRUE
rclone,v1.54.1,linux-amd64,6.7.15.2_AssayDev,14314950,v1.54.1,TRUE,6.7.15.2,TRUE
rclone,v1.54.1,linux-amd64,6.7.16_AssayDev,14314950,v1.54.1,TRUE,6.7.16,TRUE
rclone,v1.54.1,linux-amd64,6.7.17_AssayDev,14314950,v1.54.1,TRUE,6.7.17,TRUE
rclone,v1.54.1,linux-amd64,6.7.17.1_AssayDev,14314950,v1.54.1,TRUE,6.7.17.1,TRUE
ts-algorithm-514,1.9.0,amd64,6.7.15_AssayDev,787010580,1.9.0,TRUE,6.7.15,TRUE
ts-algorithm-514,1.9.0,amd64,6.7.15.1_AssayDev,787010580,1.9.0,TRUE,6.7.15.1,TRUE
ts-algorithm-514,1.9.0,amd64,6.7.15.2_AssayDev,787010580,1.9.0,TRUE,6.7.15.2,TRUE
ts-algorithm-514,1.9.0,amd64,6.7.16_AssayDev,787010580,1.9.0,TRUE,6.7.16,TRUE
ts-algorithm-514,1.9.0,amd64,6.7.17_AssayDev,787010580,1.9.0,TRUE,6.7.17,TRUE
ts-algorithm-514,1.9.0,amd64,6.7.17.1_AssayDev,787010580,1.9.0,TRUE,6.7.17.1,TRUE
ts-algorithm-68,6.7.14,amd64,6.7.15_AssayDev,4267398724,6.7.14,TRUE,6.7.15,TRUE
ts-algorithm-68,6.7.15,amd64,6.7.15.1_AssayDev,4259906048,6.7.15,TRUE,6.7.15.1,TRUE
ts-algorithm-68,6.7.15,amd64,6.7.16_AssayDev,4259906048,6.7.15,TRUE,6.7.16,TRUE
ts-algorithm-68,6.7.15.2,amd64,6.7.15.2_AssayDev,4267356072,6.7.15.2,TRUE,6.7.15.2,TRUE
ts-algorithm-68,6.7.17.4,amd64,6.7.17_AssayDev,4262670464,6.7.17.4,TRUE,6.7.17,TRUE
ts-algorithm-68,6.7.17.4,amd64,6.7.17.1_AssayDev,4262670464,6.7.17.4,TRUE,6.7.17.1,TRUE
ts-apache2,6.7.12.1,amd64,6.7.15_AssayDev,54857336,6.7.12.1,TRUE,6.7.15,TRUE
ts-apache2,6.7.12.1,amd64,6.7.15.1_AssayDev,54857336,6.7.12.1,TRUE,6.7.15.1,TRUE
ts-apache2,6.7.12.1,amd64,6.7.15.2_AssayDev,54857336,6.7.12.1,TRUE,6.7.15.2,TRUE
ts-apache2,6.7.12.1,amd64,6.7.16_AssayDev,54857336,6.7.12.1,TRUE,6.7.16,TRUE
ts-apache2,6.7.17,amd64,6.7.17_AssayDev,55343992,6.7.17,TRUE,6.7.17,TRUE
ts-apache2,6.7.17,amd64,6.7.17.1_AssayDev,55343992,6.7.17,TRUE,6.7.17.1,TRUE
ts-assaydev-ampliseq-coca-541-v2,6.2.0,amd64,6.7.15_AssayDev,75020,6.2.0,TRUE,6.7.15,TRUE
ts-assaydev-ampliseq-coca-541-v2,6.2.0,amd64,6.7.15.1_AssayDev,75020,6.2.0,TRUE,6.7.15.1,TRUE
ts-assaydev-ampliseq-coca-541-v2,6.2.0,amd64,6.7.15.2_AssayDev,75020,6.2.0,TRUE,6.7.15.2,TRUE
ts-assaydev-ampliseq-coca-541-v2,6.2.0,amd64,6.7.16_AssayDev,75020,6.2.0,TRUE,6.7.16,TRUE
ts-assaydev-ampliseq-coca-541-v2,6.2.0,amd64,6.7.17_AssayDev,75020,6.2.0,TRUE,6.7.17,TRUE
ts-assaydev-ampliseq-coca-541-v2,6.2.0,amd64,6.7.17.1_AssayDev,75020,6.2.0,TRUE,6.7.17.1,TRUE
ts-assaydev-ampliseq-coca-541-v3,6.3.26,amd64,6.7.15_AssayDev,75684,6.3.26,TRUE,6.7.15,TRUE
ts-assaydev-ampliseq-coca-541-v3,6.3.26,amd64,6.7.15.1_AssayDev,75684,6.3.26,TRUE,6.7.15.1,TRUE
ts-assaydev-ampliseq-coca-541-v3,6.3.26,amd64,6.7.15.2_AssayDev,75684,6.3.26,TRUE,6.7.15.2,TRUE
ts-assaydev-ampliseq-coca-541-v3,6.3.26,amd64,6.7.16_AssayDev,75684,6.3.26,TRUE,6.7.16,TRUE
ts-assaydev-ampliseq-coca-541-v3,6.3.26,amd64,6.7.17_AssayDev,75684,6.3.26,TRUE,6.7.17,TRUE
ts-assaydev-ampliseq-coca-541-v3,6.3.26,amd64,6.7.17.1_AssayDev,75684,6.3.26,TRUE,6.7.17.1,TRUE
ts-assaydev-ampliseq-coca-541-v4,6.6.0,amd64,6.7.15_AssayDev,76704,6.6.0,TRUE,6.7.15,TRUE
ts-assaydev-ampliseq-coca-541-v4,6.6.0,amd64,6.7.15.1_AssayDev,76704,6.6.0,TRUE,6.7.15.1,TRUE
ts-assaydev-ampliseq-coca-541-v4,6.6.0,amd64,6.7.15.2_AssayDev,76704,6.6.0,TRUE,6.7.15.2,TRUE
ts-assaydev-ampliseq-coca-541-v4,6.6.0,amd64,6.7.16_AssayDev,76704,6.6.0,TRUE,6.7.16,TRUE
ts-assaydev-ampliseq-coca-541-v4,6.6.0,amd64,6.7.17_AssayDev,76704,6.6.0,TRUE,6.7.17,TRUE
ts-assaydev-ampliseq-coca-541-v4,6.6.0,amd64,6.7.17.1_AssayDev,76704,6.6.0,TRUE,6.7.17.1,TRUE
ts-assaydev-ampliseq-coca3b-541-v2,6.6.0,amd64,6.7.15_AssayDev,77116,6.6.0,TRUE,6.7.15,TRUE
ts-assaydev-ampliseq-coca3b-541-v2,6.6.0,amd64,6.7.15.1_AssayDev,77116,6.6.0,TRUE,6.7.15.1,TRUE
ts-assaydev-ampliseq-coca3b-541-v2,6.6.0,amd64,6.7.15.2_AssayDev,77116,6.6.0,TRUE,6.7.15.2,TRUE
ts-assaydev-ampliseq-coca3b-541-v2,6.6.0,amd64,6.7.16_AssayDev,77116,6.6.0,TRUE,6.7.16,TRUE
ts-assaydev-ampliseq-coca3b-541-v2,6.6.0,amd64,6.7.17_AssayDev,77116,6.6.0,TRUE,6.7.17,TRUE
ts-assaydev-ampliseq-coca3b-541-v2,6.6.0,amd64,6.7.17.1_AssayDev,77116,6.6.0,TRUE,6.7.17.1,TRUE
ts-assaydev-ampliseq6reaction-coca-541-v1,6.7.15,amd64,6.7.15_AssayDev,76220,6.7.15,TRUE,6.7.15,TRUE
ts-assaydev-ampliseq6reaction-coca-541-v1,6.7.15.1,amd64,6.7.15.1_AssayDev,76248,6.7.15.1,TRUE,6.7.15.1,TRUE
ts-assaydev-ampliseq6reaction-coca-541-v1,6.7.15.1,amd64,6.7.15.2_AssayDev,76248,6.7.15.1,TRUE,6.7.15.2,TRUE
ts-assaydev-ampliseq6reaction-coca-541-v1,6.7.16,amd64,6.7.16_AssayDev,76248,6.7.15.1,FALSE,6.7.16,FALSE
ts-assaydev-ampliseq6reaction-coca-541-v1,6.7.17,amd64,6.7.17_AssayDev,76260,6.7.17,TRUE,6.7.17,TRUE
ts-assaydev-ampliseq6reaction-coca-541-v1,6.7.17,amd64,6.7.17.1_AssayDev,76260,6.7.17,TRUE,6.7.17.1,TRUE
ts-assaydev-ampliseq6reaction-coca3b-gx7-v1,6.7.15,amd64,6.7.15_AssayDev,76604,6.7.15,TRUE,6.7.15,TRUE
ts-assaydev-ampliseq6reaction-coca3b-gx7-v1,6.7.15.1,amd64,6.7.15.1_AssayDev,76640,6.7.15.1,TRUE,6.7.15.1,TRUE
ts-assaydev-ampliseq6reaction-coca3b-gx7-v1,6.7.15.1,amd64,6.7.15.2_AssayDev,76640,6.7.15.1,TRUE,6.7.15.2,TRUE
ts-assaydev-ampliseq6reaction-coca3b-gx7-v1,6.7.16,amd64,6.7.16_AssayDev,76648,6.7.16,TRUE,6.7.16,TRUE
ts-assaydev-ampliseq6reaction-coca3b-gx7-v1,6.7.17,amd64,6.7.17_AssayDev,76632,6.7.17,TRUE,6.7.17,TRUE
ts-assaydev-ampliseq6reaction-coca3b-gx7-v1,6.7.17,amd64,6.7.17.1_AssayDev,76632,6.7.17,TRUE,6.7.17.1,TRUE
ts-assaydev-ampliseqhd-coca-541-v2,6.2.0,amd64,6.7.15_AssayDev,69828,6.2.0,TRUE,6.7.15,TRUE
ts-assaydev-ampliseqhd-coca-541-v2,6.2.0,amd64,6.7.15.1_AssayDev,69828,6.2.0,TRUE,6.7.15.1,TRUE
ts-assaydev-ampliseqhd-coca-541-v2,6.2.0,amd64,6.7.15.2_AssayDev,69828,6.2.0,TRUE,6.7.15.2,TRUE
ts-assaydev-ampliseqhd-coca-541-v2,6.2.0,amd64,6.7.16_AssayDev,69828,6.2.0,TRUE,6.7.16,TRUE
ts-assaydev-ampliseqhd-coca-541-v2,6.2.0,amd64,6.7.17_AssayDev,69828,6.2.0,TRUE,6.7.17,TRUE
ts-assaydev-ampliseqhd-coca-541-v2,6.2.0,amd64,6.7.17.1_AssayDev,69828,6.2.0,TRUE,6.7.17.1,TRUE
ts-assaydev-ampliseqhd-coca-541-v3,6.3.26,amd64,6.7.15_AssayDev,71376,6.3.26,TRUE,6.7.15,TRUE
ts-assaydev-ampliseqhd-coca-541-v3,6.3.26,amd64,6.7.15.1_AssayDev,71376,6.3.26,TRUE,6.7.15.1,TRUE
ts-assaydev-ampliseqhd-coca-541-v3,6.3.26,amd64,6.7.15.2_AssayDev,71376,6.3.26,TRUE,6.7.15.2,TRUE
ts-assaydev-ampliseqhd-coca-541-v3,6.3.26,amd64,6.7.16_AssayDev,71376,6.3.26,TRUE,6.7.16,TRUE
ts-assaydev-ampliseqhd-coca-541-v3,6.3.26,amd64,6.7.17_AssayDev,71376,6.3.26,TRUE,6.7.17,TRUE
ts-assaydev-ampliseqhd-coca-541-v3,6.3.26,amd64,6.7.17.1_AssayDev,71376,6.3.26,TRUE,6.7.17.1,TRUE
ts-assaydev-ampliseqhd-coca-541-v4,6.6.0,amd64,6.7.15_AssayDev,71948,6.6.0,TRUE,6.7.15,TRUE
ts-assaydev-ampliseqhd-coca-541-v4,6.6.0,amd64,6.7.15.1_AssayDev,71948,6.6.0,TRUE,6.7.15.1,TRUE
ts-assaydev-ampliseqhd-coca-541-v4,6.6.0,amd64,6.7.15.2_AssayDev,71948,6.6.0,TRUE,6.7.15.2,TRUE
ts-assaydev-ampliseqhd-coca-541-v4,6.6.0,amd64,6.7.16_AssayDev,71948,6.6.0,TRUE,6.7.16,TRUE
ts-assaydev-ampliseqhd-coca-541-v4,6.6.0,amd64,6.7.17_AssayDev,71948,6.6.0,TRUE,6.7.17,TRUE
ts-assaydev-ampliseqhd-coca-541-v4,6.6.0,amd64,6.7.17.1_AssayDev,71948,6.6.0,TRUE,6.7.17.1,TRUE
ts-assaydev-ampliseqhd-coca3b-gx7-v1,6.7.15,amd64,6.7.15_AssayDev,70524,6.7.15,TRUE,6.7.15,TRUE
ts-assaydev-ampliseqhd-coca3b-gx7-v1,6.7.15.1,amd64,6.7.15.1_AssayDev,70480,6.7.15.1,TRUE,6.7.15.1,TRUE
ts-assaydev-ampliseqhd-coca3b-gx7-v1,6.7.15.1,amd64,6.7.15.2_AssayDev,70480,6.7.15.1,TRUE,6.7.15.2,TRUE
ts-assaydev-ampliseqhd-coca3b-gx7-v1,6.7.16,amd64,6.7.16_AssayDev,70488,6.7.16,TRUE,6.7.16,TRUE
ts-assaydev-ampliseqhd-coca3b-gx7-v1,6.7.17,amd64,6.7.17_AssayDev,70484,6.7.17,TRUE,6.7.17,TRUE
ts-assaydev-ampliseqhd-coca3b-gx7-v1,6.7.17,amd64,6.7.17.1_AssayDev,70484,6.7.17,TRUE,6.7.17.1,TRUE
ts-assaydev-analysis68,6.7.15,amd64,6.7.15_AssayDev,420177540,6.7.15,TRUE,6.7.15,TRUE
ts-assaydev-analysis68,6.7.15.1,amd64,6.7.15.1_AssayDev,420152596,6.7.15.1,TRUE,6.7.15.1,TRUE
ts-assaydev-analysis68,6.7.15.1,amd64,6.7.15.2_AssayDev,420152596,6.7.15.1,TRUE,6.7.15.2,TRUE
ts-assaydev-analysis68,6.7.16,amd64,6.7.16_AssayDev,420170076,6.7.16,TRUE,6.7.16,TRUE
ts-assaydev-analysis68,6.7.17,amd64,6.7.17_AssayDev,420396676,6.7.17,TRUE,6.7.17,TRUE
ts-assaydev-analysis68,6.7.17,amd64,6.7.17.1_AssayDev,420396676,6.7.17,TRUE,6.7.17.1,TRUE
ts-assaydev-annotdelta516,6.7.15,amd64,6.7.15_AssayDev,1972,6.7.15,TRUE,6.7.15,TRUE
ts-assaydev-annotdelta516,6.7.15.1,amd64,6.7.15.1_AssayDev,1976,6.7.15.1,TRUE,6.7.15.1,TRUE
ts-assaydev-annotdelta516,6.7.15.1,amd64,6.7.15.2_AssayDev,1976,6.7.15.1,TRUE,6.7.15.2,TRUE
ts-assaydev-annotdelta516,6.7.16,amd64,6.7.16_AssayDev,1972,6.7.16,TRUE,6.7.16,TRUE
ts-assaydev-annotdelta516,6.7.17,amd64,6.7.17_AssayDev,1972,6.7.16,FALSE,6.7.17,FALSE
ts-assaydev-annotdelta516,6.7.17,amd64,6.7.17.1_AssayDev,1972,6.7.17,TRUE,6.7.17.1,TRUE
ts-assaydev-assets,6.7.15,amd64,6.7.15_AssayDev,23982788,6.7.15,TRUE,6.7.15,TRUE
ts-assaydev-assets,6.7.15.1,amd64,6.7.15.1_AssayDev,23989616,6.7.15.1,TRUE,6.7.15.1,TRUE
ts-assaydev-assets,6.7.15.1,amd64,6.7.15.2_AssayDev,23989616,6.7.15.1,TRUE,6.7.15.2,TRUE
ts-assaydev-assets,6.7.16,amd64,6.7.16_AssayDev,23983344,6.7.16,TRUE,6.7.16,TRUE
ts-assaydev-assets,6.7.17,amd64,6.7.17_AssayDev,521673428,6.7.17,TRUE,6.7.17,TRUE
ts-assaydev-assets,6.7.17,amd64,6.7.17.1_AssayDev,521673428,6.7.17,TRUE,6.7.17.1,TRUE
ts-assaydev-coverageanalysis,6.7.15,amd64,6.7.15_AssayDev,12291720,6.7.15,TRUE,6.7.15,TRUE
ts-assaydev-coverageanalysis,6.7.15.1,amd64,6.7.15.1_AssayDev,12291200,6.7.15.1,TRUE,6.7.15.1,TRUE
ts-assaydev-coverageanalysis,6.7.15.1,amd64,6.7.15.2_AssayDev,12291200,6.7.15.1,TRUE,6.7.15.2,TRUE
ts-assaydev-coverageanalysis,6.7.16,amd64,6.7.16_AssayDev,12290676,6.7.16,TRUE,6.7.16,TRUE
ts-assaydev-coverageanalysis,6.7.17,amd64,6.7.17_AssayDev,12291912,6.7.17,TRUE,6.7.17,TRUE
ts-assaydev-coverageanalysis,6.7.17,amd64,6.7.17.1_AssayDev,12291912,6.7.17,TRUE,6.7.17.1,TRUE
ts-assaydev-crawler,6.7.15,amd64,6.7.15_AssayDev,33907800,6.7.15,TRUE,6.7.15,TRUE
ts-assaydev-crawler,6.7.15.1,amd64,6.7.15.1_AssayDev,33907424,6.7.15.1,TRUE,6.7.15.1,TRUE
ts-assaydev-crawler,6.7.15.1,amd64,6.7.15.2_AssayDev,33907424,6.7.15.1,TRUE,6.7.15.2,TRUE
ts-assaydev-crawler,6.7.16,amd64,6.7.16_AssayDev,33906424,6.7.16,TRUE,6.7.16,TRUE
ts-assaydev-crawler,6.7.17,amd64,6.7.17_AssayDev,33907832,6.7.17,TRUE,6.7.17,TRUE
ts-assaydev-crawler,6.7.17,amd64,6.7.17.1_AssayDev,33907832,6.7.17,TRUE,6.7.17.1,TRUE
ts-assaydev-customersupportarchive,6.7.15,amd64,6.7.15_AssayDev,6485936,6.7.15,TRUE,6.7.15,TRUE
ts-assaydev-customersupportarchive,6.7.15.1,amd64,6.7.15.1_AssayDev,6484692,6.7.15.1,TRUE,6.7.15.1,TRUE
ts-assaydev-customersupportarchive,6.7.15.1,amd64,6.7.15.2_AssayDev,6484692,6.7.15.1,TRUE,6.7.15.2,TRUE
ts-assaydev-customersupportarchive,6.7.16,amd64,6.7.16_AssayDev,6486896,6.7.16,TRUE,6.7.16,TRUE
ts-assaydev-customersupportarchive,6.7.17,amd64,6.7.17_AssayDev,6485848,6.7.17,TRUE,6.7.17,TRUE
ts-assaydev-customersupportarchive,6.7.17,amd64,6.7.17.1_AssayDev,6485848,6.7.17,TRUE,6.7.17.1,TRUE
ts-assaydev-factory-template,6.7.15,amd64,6.7.15_AssayDev,27292,6.7.15,TRUE,6.7.15,TRUE
ts-assaydev-factory-template,6.7.15.1,amd64,6.7.15.1_AssayDev,27320,6.7.15.1,TRUE,6.7.15.1,TRUE
ts-assaydev-factory-template,6.7.15.1,amd64,6.7.15.2_AssayDev,27320,6.7.15.1,TRUE,6.7.15.2,TRUE
ts-assaydev-factory-template,6.7.16,amd64,6.7.16_AssayDev,27356,6.7.16,TRUE,6.7.16,TRUE
ts-assaydev-factory-template,6.7.17,amd64,6.7.17_AssayDev,27296,6.7.17,TRUE,6.7.17,TRUE
ts-assaydev-factory-template,6.7.17,amd64,6.7.17.1_AssayDev,27296,6.7.17,TRUE,6.7.17.1,TRUE
ts-assaydev-genxdockerupdate,6.7.15,amd64,6.7.15_AssayDev,934621728,6.7.15,TRUE,6.7.15,TRUE
ts-assaydev-genxdockerupdate,6.7.15.1,amd64,6.7.15.1_AssayDev,937994180,6.7.15.1,TRUE,6.7.15.1,TRUE
ts-assaydev-genxdockerupdate,6.7.15.1,amd64,6.7.15.2_AssayDev,937994180,6.7.15.1,TRUE,6.7.15.2,TRUE
ts-assaydev-genxdockerupdate,6.7.16,amd64,6.7.16_AssayDev,944578504,6.7.16,TRUE,6.7.16,TRUE
ts-assaydev-genxdockerupdate,6.7.17,amd64,6.7.17_AssayDev,938662160,6.7.17,TRUE,6.7.17,TRUE
ts-assaydev-genxdockerupdate,6.7.17,amd64,6.7.17.1_AssayDev,938662160,6.7.17,TRUE,6.7.17.1,TRUE
ts-assaydev-grws,6.7.15,amd64,6.7.15_AssayDev,42867836,6.7.15,TRUE,6.7.15,TRUE
ts-assaydev-grws,6.7.15.1,amd64,6.7.15.1_AssayDev,42867876,6.7.15.1,TRUE,6.7.15.1,TRUE
ts-assaydev-grws,6.7.15.1,amd64,6.7.15.2_AssayDev,42867876,6.7.15.1,TRUE,6.7.15.2,TRUE
ts-assaydev-grws,6.7.16,amd64,6.7.16_AssayDev,42867844,6.7.16,TRUE,6.7.16,TRUE
ts-assaydev-grws,6.7.17,amd64,6.7.17_AssayDev,43243228,6.7.17,TRUE,6.7.17,TRUE
ts-assaydev-grws,6.7.17,amd64,6.7.17.1_AssayDev,43243228,6.7.17,TRUE,6.7.17.1,TRUE
ts-assaydev-igvservlet,6.7.15,amd64,6.7.15_AssayDev,201064812,6.7.15,TRUE,6.7.15,TRUE
ts-assaydev-igvservlet,6.7.15.1,amd64,6.7.15.1_AssayDev,201064820,6.7.15.1,TRUE,6.7.15.1,TRUE
ts-assaydev-igvservlet,6.7.15.1,amd64,6.7.15.2_AssayDev,201064820,6.7.15.1,TRUE,6.7.15.2,TRUE
ts-assaydev-igvservlet,6.7.16,amd64,6.7.16_AssayDev,201064812,6.7.16,TRUE,6.7.16,TRUE
ts-assaydev-igvservlet,6.7.17,amd64,6.7.17_AssayDev,201064816,6.7.17,TRUE,6.7.17,TRUE
ts-assaydev-igvservlet,6.7.17,amd64,6.7.17.1_AssayDev,201064816,6.7.17,TRUE,6.7.17.1,TRUE
ts-assaydev-irgv,6.7.15,amd64,6.7.15_AssayDev,79483736,6.7.15,TRUE,6.7.15,TRUE
ts-assaydev-irgv,6.7.15,amd64,6.7.15.1_AssayDev,79483736,6.7.15,TRUE,6.7.15.1,TRUE
ts-assaydev-irgv,6.7.15,amd64,6.7.15.2_AssayDev,79483736,6.7.15,TRUE,6.7.15.2,TRUE
ts-assaydev-irgv,6.7.15,amd64,6.7.16_AssayDev,79483736,6.7.15,TRUE,6.7.16,TRUE
ts-assaydev-irgv,6.7.15,amd64,6.7.17_AssayDev,79483736,6.7.15,TRUE,6.7.17,TRUE
ts-assaydev-irgv,6.7.15,amd64,6.7.17.1_AssayDev,79483736,6.7.15,TRUE,6.7.17.1,TRUE
ts-assaydev-iruploader,6.7.15,amd64,6.7.15_AssayDev,301360780,6.7.15,TRUE,6.7.15,TRUE
ts-assaydev-iruploader,6.7.15.1,amd64,6.7.15.1_AssayDev,301366268,6.7.15.1,TRUE,6.7.15.1,TRUE
ts-assaydev-iruploader,6.7.15.1,amd64,6.7.15.2_AssayDev,301366268,6.7.15.1,TRUE,6.7.15.2,TRUE
ts-assaydev-iruploader,6.7.16,amd64,6.7.16_AssayDev,301379716,6.7.16,TRUE,6.7.16,TRUE
ts-assaydev-iruploader,6.7.17,amd64,6.7.17_AssayDev,301587196,6.7.17,TRUE,6.7.17,TRUE
ts-assaydev-iruploader,6.7.17,amd64,6.7.17.1_AssayDev,301587196,6.7.17,TRUE,6.7.17.1,TRUE
ts-assaydev-manager,6.7.15,amd64,6.7.15_AssayDev,27551928,6.7.15,TRUE,6.7.15,TRUE
ts-assaydev-manager,6.7.15.1,amd64,6.7.15.1_AssayDev,27553352,6.7.15.1,TRUE,6.7.15.1,TRUE
ts-assaydev-manager,6.7.15.1,amd64,6.7.15.2_AssayDev,27553352,6.7.15.1,TRUE,6.7.15.2,TRUE
ts-assaydev-manager,6.7.16,amd64,6.7.16_AssayDev,27552268,6.7.16,TRUE,6.7.16,TRUE
ts-assaydev-manager,6.7.17,amd64,6.7.17_AssayDev,27553556,6.7.17,TRUE,6.7.17,TRUE
ts-assaydev-manager,6.7.17,amd64,6.7.17.1_AssayDev,27553556,6.7.17,TRUE,6.7.17.1,TRUE
ts-assaydev-molecularcoverageanalysis,6.7.15,amd64,6.7.15_AssayDev,11298708,6.7.15,TRUE,6.7.15,TRUE
ts-assaydev-molecularcoverageanalysis,6.7.15.1,amd64,6.7.15.1_AssayDev,11298564,6.7.15.1,TRUE,6.7.15.1,TRUE
ts-assaydev-molecularcoverageanalysis,6.7.15.1,amd64,6.7.15.2_AssayDev,11298564,6.7.15.1,TRUE,6.7.15.2,TRUE
ts-assaydev-molecularcoverageanalysis,6.7.16,amd64,6.7.16_AssayDev,11298660,6.7.16,TRUE,6.7.16,TRUE
ts-assaydev-molecularcoverageanalysis,6.7.17,amd64,6.7.17_AssayDev,11298584,6.7.17,TRUE,6.7.17,TRUE
ts-assaydev-molecularcoverageanalysis,6.7.17,amd64,6.7.17.1_AssayDev,11298584,6.7.17,TRUE,6.7.17.1,TRUE
ts-assaydev-ocrp68,6.7.15,amd64,6.7.15_AssayDev,4648156,6.7.15,TRUE,6.7.15,TRUE
ts-assaydev-ocrp68,6.7.15.1,amd64,6.7.15.1_AssayDev,4644552,6.7.15.1,TRUE,6.7.15.1,TRUE
ts-assaydev-ocrp68,6.7.15.1,amd64,6.7.15.2_AssayDev,4644552,6.7.15.1,TRUE,6.7.15.2,TRUE
ts-assaydev-ocrp68,6.7.16,amd64,6.7.16_AssayDev,4646436,6.7.16,TRUE,6.7.16,TRUE
ts-assaydev-ocrp68,6.7.17,amd64,6.7.17_AssayDev,4659500,6.7.17,TRUE,6.7.17,TRUE
ts-assaydev-ocrp68,6.7.17,amd64,6.7.17.1_AssayDev,4659500,6.7.17,TRUE,6.7.17.1,TRUE
ts-assaydev-ovat-plugin68,6.7.15,amd64,6.7.15_AssayDev,20066284,6.7.15,TRUE,6.7.15,TRUE
ts-assaydev-ovat-plugin68,6.7.15.1,amd64,6.7.15.1_AssayDev,20066348,6.7.15.1,TRUE,6.7.15.1,TRUE
ts-assaydev-ovat-plugin68,6.7.15.1,amd64,6.7.15.2_AssayDev,20066348,6.7.15.1,TRUE,6.7.15.2,TRUE
ts-assaydev-ovat-plugin68,6.7.16,amd64,6.7.16_AssayDev,20066056,6.7.16,TRUE,6.7.16,TRUE
ts-assaydev-ovat-plugin68,6.7.17,amd64,6.7.17_AssayDev,20070416,6.7.17,TRUE,6.7.17,TRUE
ts-assaydev-ovat-plugin68,6.7.17,amd64,6.7.17.1_AssayDev,20070416,6.7.17,TRUE,6.7.17.1,TRUE
ts-assaydev-purificationscriptupdates,6.7.15,Linux,6.7.15_AssayDev,280530,6.7.15,TRUE,6.7.15,TRUE
ts-assaydev-purificationscriptupdates,6.7.15.1,Linux,6.7.15.1_AssayDev,280908,6.7.15.1,TRUE,6.7.15.1,TRUE
ts-assaydev-purificationscriptupdates,6.7.15.1,Linux,6.7.15.2_AssayDev,280908,6.7.15.1,TRUE,6.7.15.2,TRUE
ts-assaydev-purificationscriptupdates,6.7.16,Linux,6.7.16_AssayDev,280842,6.7.16,TRUE,6.7.16,TRUE
ts-assaydev-purificationscriptupdates,6.7.17,Linux,6.7.17_AssayDev,280648,6.7.17,TRUE,6.7.17,TRUE
ts-assaydev-purificationscriptupdates,6.7.17,Linux,6.7.17.1_AssayDev,280648,6.7.17,TRUE,6.7.17.1,TRUE
ts-assaydev-purificationsoftwareupdates,6.7.15,Linux,6.7.15_AssayDev,2912126026,6.7.15,TRUE,6.7.15,TRUE
ts-assaydev-purificationsoftwareupdates,6.7.15.1,Linux,6.7.15.1_AssayDev,2911566694,6.7.15.1,TRUE,6.7.15.1,TRUE
ts-assaydev-purificationsoftwareupdates,6.7.15.1,Linux,6.7.15.2_AssayDev,2911566694,6.7.15.1,TRUE,6.7.15.2,TRUE
ts-assaydev-purificationsoftwareupdates,6.7.16,Linux,6.7.16_AssayDev,2911718894,6.7.16,TRUE,6.7.16,TRUE
ts-assaydev-purificationsoftwareupdates,6.7.17,Linux,6.7.17_AssayDev,2921797270,6.7.17,TRUE,6.7.17,TRUE
ts-assaydev-purificationsoftwareupdates,6.7.17,Linux,6.7.17.1_AssayDev,2921797270,6.7.17,TRUE,6.7.17.1,TRUE
ts-assaydev-reportbuilder,6.7.15,,6.7.15_AssayDev,315831420,6.7.15,TRUE,6.7.15,TRUE
ts-assaydev-reportbuilder,6.7.15.1,,6.7.15.1_AssayDev,315832692,6.7.15.1,TRUE,6.7.15.1,TRUE
ts-assaydev-reportbuilder,6.7.15.1,,6.7.15.2_AssayDev,315832692,6.7.15.1,TRUE,6.7.15.2,TRUE
ts-assaydev-reportbuilder,6.7.16,,6.7.16_AssayDev,315828682,6.7.16,TRUE,6.7.16,TRUE
ts-assaydev-reportbuilder,6.7.17,,6.7.17_AssayDev,315842182,6.7.17,TRUE,6.7.17,TRUE
ts-assaydev-reportbuilder,6.7.17,,6.7.17.1_AssayDev,315842182,6.7.17,TRUE,6.7.17.1,TRUE
ts-assaydev-sampleid,6.7.15,amd64,6.7.15_AssayDev,12864824,6.7.15,TRUE,6.7.15,TRUE
ts-assaydev-sampleid,6.7.15.1,amd64,6.7.15.1_AssayDev,12865276,6.7.15.1,TRUE,6.7.15.1,TRUE
ts-assaydev-sampleid,6.7.15.1,amd64,6.7.15.2_AssayDev,12865276,6.7.15.1,TRUE,6.7.15.2,TRUE
ts-assaydev-sampleid,6.7.16,amd64,6.7.16_AssayDev,12865648,6.7.16,TRUE,6.7.16,TRUE
ts-assaydev-sampleid,6.7.17,amd64,6.7.17_AssayDev,12864984,6.7.17,TRUE,6.7.17,TRUE
ts-assaydev-sampleid,6.7.17,amd64,6.7.17.1_AssayDev,12864984,6.7.17,TRUE,6.7.17.1,TRUE
ts-assaydev-seeddata,6.7.15,amd64,6.7.15_AssayDev,229616304,6.7.15,TRUE,6.7.15,TRUE
ts-assaydev-seeddata,6.7.15.1,amd64,6.7.15.1_AssayDev,229617584,6.7.15.1,TRUE,6.7.15.1,TRUE
ts-assaydev-seeddata,6.7.15.1,amd64,6.7.15.2_AssayDev,229617584,6.7.15.1,TRUE,6.7.15.2,TRUE
ts-assaydev-seeddata,6.7.16,amd64,6.7.16_AssayDev,229609220,6.7.16,TRUE,6.7.16,TRUE
ts-assaydev-seeddata,6.7.17,amd64,6.7.17_AssayDev,230050412,6.7.17,TRUE,6.7.17,TRUE
ts-assaydev-seeddata,6.7.17,amd64,6.7.17.1_AssayDev,230050412,6.7.17,TRUE,6.7.17.1,TRUE
ts-assaydev-server68,6.7.15,amd64,6.7.15_AssayDev,56676,6.7.15,TRUE,6.7.15,TRUE
ts-assaydev-server68,6.7.15.1,amd64,6.7.15.1_AssayDev,56668,6.7.15.1,TRUE,6.7.15.1,TRUE
ts-assaydev-server68,6.7.15.1,amd64,6.7.15.2_AssayDev,56668,6.7.15.1,TRUE,6.7.15.2,TRUE
ts-assaydev-server68,6.7.16,amd64,6.7.16_AssayDev,56588,6.7.16,TRUE,6.7.16,TRUE
ts-assaydev-server68,6.7.17,amd64,6.7.17_AssayDev,56720,6.7.17,TRUE,6.7.17,TRUE
ts-assaydev-server68,6.7.17.1,amd64,6.7.17.1_AssayDev,56788,6.7.17.1,TRUE,6.7.17.1,TRUE
ts-assaydev-ui,6.7.15,amd64,6.7.15_AssayDev,285395368,6.7.15,TRUE,6.7.15,TRUE
ts-assaydev-ui,6.7.15.1,amd64,6.7.15.1_AssayDev,285316652,6.7.15.1,TRUE,6.7.15.1,TRUE
ts-assaydev-ui,6.7.15.1,amd64,6.7.15.2_AssayDev,285316652,6.7.15.1,TRUE,6.7.15.2,TRUE
ts-assaydev-ui,6.7.16,amd64,6.7.16_AssayDev,284273648,6.7.16,TRUE,6.7.16,TRUE
ts-assaydev-ui,6.7.17,amd64,6.7.17_AssayDev,284696312,6.7.17,TRUE,6.7.17,TRUE
ts-assaydev-ui,6.7.17.1,amd64,6.7.17.1_AssayDev,285642404,6.7.17.1,TRUE,6.7.17.1,TRUE
ts-assaydev-vns68,6.7.15,amd64,6.7.15_AssayDev,6576,6.7.15,TRUE,6.7.15,TRUE
ts-assaydev-vns68,6.7.15.1,amd64,6.7.15.1_AssayDev,6604,6.7.15.1,TRUE,6.7.15.1,TRUE
ts-assaydev-vns68,6.7.15.1,amd64,6.7.15.2_AssayDev,6604,6.7.15.1,TRUE,6.7.15.2,TRUE
ts-assaydev-vns68,6.7.16,amd64,6.7.16_AssayDev,6604,6.7.15.1,FALSE,6.7.16,FALSE
ts-assaydev-vns68,6.7.17,amd64,6.7.17_AssayDev,10024,6.7.17,TRUE,6.7.17,TRUE
ts-assaydev-vns68,6.7.17,amd64,6.7.17.1_AssayDev,10024,6.7.17,TRUE,6.7.17.1,TRUE
ts-config,6.7.15,amd64,6.7.15_AssayDev,2925892,6.7.15,TRUE,6.7.15,TRUE
ts-config,6.7.15.1,amd64,6.7.15.1_AssayDev,2925832,6.7.15.1,TRUE,6.7.15.1,TRUE
ts-config,6.7.15.1,amd64,6.7.15.2_AssayDev,2925832,6.7.15.1,TRUE,6.7.15.2,TRUE
ts-config,6.7.16,amd64,6.7.16_AssayDev,2926920,6.7.16,TRUE,6.7.16,TRUE
ts-config,6.7.17,amd64,6.7.17_AssayDev,2927172,6.7.17,TRUE,6.7.17,TRUE
ts-config,6.7.17,amd64,6.7.17.1_AssayDev,2927172,6.7.17,TRUE,6.7.17.1,TRUE
ts-deeplaser,6.7.12,amd64,6.7.15_AssayDev,191580852,6.7.12,TRUE,6.7.15,TRUE
ts-deeplaser,6.7.12,amd64,6.7.15.1_AssayDev,191580852,6.7.12,TRUE,6.7.15.1,TRUE
ts-deeplaser,6.7.12,amd64,6.7.15.2_AssayDev,191580852,6.7.12,TRUE,6.7.15.2,TRUE
ts-deeplaser,6.7.12,amd64,6.7.16_AssayDev,191580852,6.7.12,TRUE,6.7.16,TRUE
ts-deeplaser,6.7.17,amd64,6.7.17_AssayDev,191877876,6.7.17,TRUE,6.7.17,TRUE
ts-deeplaser,6.7.17,amd64,6.7.17.1_AssayDev,191877876,6.7.17,TRUE,6.7.17.1,TRUE
ts-fonts,6.7.15,amd64,6.7.15_AssayDev,12177928,6.7.15,TRUE,6.7.15,TRUE
ts-fonts,6.7.15.1,amd64,6.7.15.1_AssayDev,12177204,6.7.15.1,TRUE,6.7.15.1,TRUE
ts-fonts,6.7.15.1,amd64,6.7.15.2_AssayDev,12177204,6.7.15.1,TRUE,6.7.15.2,TRUE
ts-fonts,6.7.16,amd64,6.7.16_AssayDev,12178788,6.7.16,TRUE,6.7.16,TRUE
ts-fonts,6.7.17,amd64,6.7.17_AssayDev,12177536,6.7.17,TRUE,6.7.17,TRUE
ts-fonts,6.7.17,amd64,6.7.17.1_AssayDev,12177536,6.7.17,TRUE,6.7.17.1,TRUE
ts-immune-repertoire,6.8.0,amd64,6.7.15_AssayDev,17029730,6.8.0,TRUE,6.7.15,TRUE
ts-immune-repertoire,6.8.0,amd64,6.7.15.1_AssayDev,17029730,6.8.0,TRUE,6.7.15.1,TRUE
ts-immune-repertoire,6.8.0,amd64,6.7.15.2_AssayDev,17029730,6.8.0,TRUE,6.7.15.2,TRUE
ts-immune-repertoire,6.8.0,amd64,6.7.16_AssayDev,17029730,6.8.0,TRUE,6.7.16,TRUE
ts-immune-repertoire,6.8.0,amd64,6.7.17_AssayDev,17029730,6.8.0,TRUE,6.7.17,TRUE
ts-immune-repertoire,6.8.0,amd64,6.7.17.1_AssayDev,17029730,6.8.0,TRUE,6.7.17.1,TRUE
ts-java11,6.7.15,amd64,6.7.15_AssayDev,163523652,6.7.15,TRUE,6.7.15,TRUE
ts-java11,6.7.15.1,amd64,6.7.15.1_AssayDev,163528140,6.7.15.1,TRUE,6.7.15.1,TRUE
ts-java11,6.7.15.1,amd64,6.7.15.2_AssayDev,163528140,6.7.15.1,TRUE,6.7.15.2,TRUE
ts-java11,6.7.16,amd64,6.7.16_AssayDev,163528204,6.7.16,TRUE,6.7.16,TRUE
ts-java11,6.7.17,amd64,6.7.17_AssayDev,163528200,6.7.17,TRUE,6.7.17,TRUE
ts-java11,6.7.17,amd64,6.7.17.1_AssayDev,163528200,6.7.17,TRUE,6.7.17.1,TRUE
ts-postgresql,6.7.13,amd64,6.7.15_AssayDev,69393468,6.7.13,TRUE,6.7.15,TRUE
ts-postgresql,6.7.13,amd64,6.7.15.1_AssayDev,69393468,6.7.13,TRUE,6.7.15.1,TRUE
ts-postgresql,6.7.13,amd64,6.7.15.2_AssayDev,69393468,6.7.13,TRUE,6.7.15.2,TRUE
ts-postgresql,6.7.13,amd64,6.7.16_AssayDev,69393468,6.7.13,TRUE,6.7.16,TRUE
ts-postgresql,6.7.17,amd64,6.7.17_AssayDev,83314808,6.7.17,TRUE,6.7.17,TRUE
ts-postgresql,6.7.17,amd64,6.7.17.1_AssayDev,83314808,6.7.17,TRUE,6.7.17.1,TRUE
ts-python-drmaa,6.7.15,amd64,6.7.15_AssayDev,43752,6.7.15,TRUE,6.7.15,TRUE
ts-python-drmaa,6.7.15.1,amd64,6.7.15.1_AssayDev,43760,6.7.15.1,TRUE,6.7.15.1,TRUE
ts-python-drmaa,6.7.15.1,amd64,6.7.15.2_AssayDev,43760,6.7.15.1,TRUE,6.7.15.2,TRUE
ts-python-drmaa,6.7.16,amd64,6.7.16_AssayDev,43756,6.7.16,TRUE,6.7.16,TRUE
ts-python-drmaa,6.7.17,amd64,6.7.17_AssayDev,43752,6.7.17,TRUE,6.7.17,TRUE
ts-python-drmaa,6.7.17,amd64,6.7.17.1_AssayDev,43752,6.7.17,TRUE,6.7.17.1,TRUE
ts-reference-delta,6.7.15,amd64,6.7.15_AssayDev,2170498236,6.7.15,TRUE,6.7.15,TRUE
ts-reference-delta,6.7.15.1,amd64,6.7.15.1_AssayDev,2170501848,6.7.15.1,TRUE,6.7.15.1,TRUE
ts-reference-delta,6.7.15.1,amd64,6.7.15.2_AssayDev,2170501848,6.7.15.1,TRUE,6.7.15.2,TRUE
ts-reference-delta,6.7.16,amd64,6.7.16_AssayDev,2170499724,6.7.16,TRUE,6.7.16,TRUE
ts-reference-delta,6.7.17,amd64,6.7.17_AssayDev,2170503056,6.7.17,TRUE,6.7.17,TRUE
ts-reference-delta,6.7.17,amd64,6.7.17.1_AssayDev,2170503056,6.7.17,TRUE,6.7.17.1,TRUE
ts-software-update,6.7.15,amd64,6.7.15_AssayDev,42066752,6.7.15,TRUE,6.7.15,TRUE
ts-software-update,6.7.15.1,amd64,6.7.15.1_AssayDev,42068680,6.7.15.1,TRUE,6.7.15.1,TRUE
ts-software-update,6.7.15.1,amd64,6.7.15.2_AssayDev,42068680,6.7.15.1,TRUE,6.7.15.2,TRUE
ts-software-update,6.7.15.1,amd64,6.7.16_AssayDev,42068680,6.7.15.1,TRUE,6.7.16,TRUE
ts-software-update,6.7.16,amd64,6.7.17_AssayDev,42068064,6.7.16,TRUE,6.7.17,TRUE
ts-software-update,6.7.16,amd64,6.7.17.1_AssayDev,42068064,6.7.16,TRUE,6.7.17.1,TRUE
ts-tomcat8,6.7.15,amd64,6.7.15_AssayDev,8134576,6.7.15,TRUE,6.7.15,TRUE
ts-tomcat8,6.7.15.1,amd64,6.7.15.1_AssayDev,8134304,6.7.15.1,TRUE,6.7.15.1,TRUE
ts-tomcat8,6.7.15.1,amd64,6.7.15.2_AssayDev,8134304,6.7.15.1,TRUE,6.7.15.2,TRUE
ts-tomcat8,6.7.16,amd64,6.7.16_AssayDev,8134272,6.7.16,TRUE,6.7.16,TRUE
ts-tomcat8,6.7.17,amd64,6.7.17_AssayDev,8134536,6.7.17,TRUE,6.7.17,TRUE
ts-tomcat8,6.7.17,amd64,6.7.17.1_AssayDev,8134536,6.7.17,TRUE,6.7.17.1,TRUE
